date,seed_keyword,related_keyword,position
2026-09-18,감기,감기 빨리 낫는법,1
2026-09-18,감기,감기 병원,2
2026-09-18,감기,감기에 좋은 음식,3
2026-09-18,감기,감기,4
2026-09-18,감기,감기 유행,5
2026-09-18,감기,감기 영화,6
2026-09-18,감기,목감기,7
2026-09-18,감기,감기약,8
2026-09-18,감기,감기 내과,9
2026-09-18,감기,여름감기,10
2026-09-18,두통,두통 원인,1
2026-09-18,두통,두통 부위,2
2026-09-18,두통,두통 없애는법,3
2026-09-18,두통,두통 속울렁거림,4
2026-09-18,두통,두통 병원,5
2026-09-18,두통,두통 심할때,6
2026-09-18,두통,두통약,7
2026-09-18,두통,두통,8
2026-09-18,두통,두통 지압,9
2026-09-18,두통,숙취 두통,10
2026-09-18,발열,발열도시락,1
2026-09-18,발열,발열조끼,2
2026-09-18,발열,발열팩,3
2026-09-18,발열,발열 전투식량,4
2026-09-18,발열,발열,5
2026-09-18,발열,발열크림,6
2026-09-18,발열,아이폰 발열,7
2026-09-18,발열,발열장갑,8
2026-09-18,발열,발열라면,9
2026-09-18,발열,발열양말,10
2026-09-18,기침,기침 멈추는법,1
2026-09-18,기침,마른기침 원인,2
2026-09-18,기침,기침에 좋은 차,3
2026-09-18,기침,기침 계속,4
2026-09-18,기침,기침 가슴통증,5
2026-09-18,기침,기침 가래,6
2026-09-18,기침,기침 병원,7
2026-09-18,기침,기침약,8
2026-09-18,기침,기침,9
2026-09-18,기침,기침 뜻,10
2026-09-18,콧물,콧물 멈추는법,1
2026-09-18,콧물,콧물흡입기,2
2026-09-18,콧물,콧물,3
2026-09-18,콧물,콧물약,4
2026-09-18,콧물,콧물 색,5
2026-09-18,콧물,노란콧물,6
2026-09-18,콧물,콧물 냉,7
2026-09-18,콧물,아기 콧물흡입기,8
2026-09-18,콧물,콜대원 콧물,9
2026-09-18,콧물,아기 콧물,10
2026-09-18,복통,복통 원인,1
2026-09-18,복통,복통,2
2026-09-18,복통,복통 위치,3
2026-09-18,복통,복통 영어로,4
2026-09-18,복통,복통 설사,5
2026-09-18,복통,복통 병원,6
2026-09-18,복통,복통약,7
2026-09-18,복통,변비 복통,8
2026-09-18,복통,장염 복통,9
2026-09-18,복통,복통령,10
2026-09-18,소화불량,소화불량 증상,1
2026-09-18,소화불량,소화불량 복부팽만,2
2026-09-18,소화불량,소화불량 해결,3
2026-09-18,소화불량,소화불량 원인,4
2026-09-18,소화불량,소화불량,5
2026-09-18,소화불량,소화불량 약,6
2026-09-18,소화불량,소화불량 두통,7
2026-09-18,소화불량,기능성 소화불량,8
2026-09-18,소화불량,만성 소화불량,9
2026-09-18,소화불량,마운자로 소화불량,10
2026-09-18,불면증,불면증,1
2026-09-18,불면증,불면증극복,2
2026-09-18,불면증,불면증극복하는법,3
2026-09-18,불면증,불면증치료,4
2026-09-18,불면증,불면증치료법,5
2026-09-18,불면증,휘성불면증,6
2026-09-18,불면증,우울증과불면증,7
2026-09-18,불면증,수험생불면증,8
2026-09-18,피로,피로회복제,1
2026-09-18,피로,피로회복 영양제,2
2026-09-18,피로,아웃랜더: 피로 이어진 운명 시즌2,3
2026-09-18,피로,피로골절,4
2026-09-18,피로,만성피로,5
2026-09-18,피로,만성피로 영양제,6
2026-09-18,피로,피로연,7
2026-09-18,피로,피로연 뜻,8
2026-09-18,피로,피뢰침,9
2026-09-18,피로,피뢰기,10
2026-09-18,어지러움,어지러움 원인,1
2026-09-18,어지러움,머리 어지러움 증상,2
2026-09-18,어지러움,어지러움 메스꺼움,3
2026-09-18,어지러움,어지러움 증상,4
2026-09-18,어지러움,갑자기 어지러움,5
2026-09-18,어지러움,어지러움 병원,6
2026-09-18,어지러움,어지러움 약,7
2026-09-18,어지러움,어지러움증,8
2026-09-18,어지러움,누우면 어지러움,9
2026-09-18,어지러움,식은땀 어지러움,10
2026-09-18,관절통,턱관절통 증상,1
2026-09-18,관절통,턱관절통,2
2026-09-18,관절통,관절통,3
2026-09-18,관절통,손가락 관절 통증,4
2026-09-18,관절통,천장관절 통증,5
2026-09-18,관절통,관절통증,6
2026-09-18,관절통,어깨 관절 통증,7
2026-09-18,관절통,무릎관절통증,8
2026-09-18,관절통,생리 관절통,9
2026-09-18,관절통,엄지 관절 통증,10
2026-09-18,피부발진,피부발진,1
2026-09-18,피부발진,피부발진 가려움,2
2026-09-18,피부발진,얼굴 피부 발진,3
2026-09-18,피부발진,팔 피부 발진,4
2026-09-18,피부발진,피부 발진 원인,5
2026-09-18,피부발진,다리 피부 발진,6
2026-09-18,피부발진,아기 피부 발진,7
2026-09-18,피부발진,목 피부 발진,8
2026-09-18,피부발진,마운자로 피부발진,9
2026-09-18,피부발진,피부 발진 연고,10
2026-09-18,눈충혈,눈 충혈 원인,1
2026-09-18,눈충혈,눈 충혈 없애는 법,2
2026-09-18,눈충혈,눈 충혈 안약,3
2026-09-18,눈충혈,눈 충혈,4
2026-09-18,눈충혈,한쪽눈 충혈,5
2026-09-18,눈충혈,강아지 눈 충혈,6
2026-09-18,눈충혈,고양이 눈 충혈,7
2026-09-18,눈충혈,비염 눈 충혈,8
2026-09-18,눈충혈,눈 충혈 눈꼽,9
2026-09-18,눈충혈,아기 눈 충혈,10
2026-09-18,목통증,침 삼킬때 목 통증,1
2026-09-18,목통증,목 통증,2
2026-09-18,목통증,왼쪽 목 통증,3
2026-09-18,목통증,오른쪽 목 통증,4
2026-09-18,목통증,일자목통증,5
2026-09-18,목통증,코로나 목통증,6
2026-09-18,목통증,어깨 목 통증,7
2026-09-18,목통증,위내시경 목통증,8
2026-09-18,목통증,잠 잘못자서 목 통증,9
2026-09-18,목통증,귀 뒤 목 통증,10
2026-09-18,허리통증,허리통증,1
2026-09-18,허리통증,허리통증 병원,2
2026-09-18,허리통증,허리통증 스트레칭,3
2026-09-18,허리통증,허리통증 약,4
2026-09-18,허리통증,허리통증 다리저림,5
2026-09-18,허리통증,오른쪽 허리 통증,6
2026-09-18,허리통증,허리통증 원인,7
2026-09-18,허리통증,왼쪽 허리 통증,8
2026-09-18,허리통증,허리통증 주사,9
2026-09-18,허리통증,허리통증 운동,10
2026-09-18,구토,구토 원인,1
2026-09-18,구토,구토,2
2026-09-18,구토,구토증상,3
2026-09-18,구토,구토 어지러움,4
2026-09-18,구토,구토 약,5
2026-09-18,구토,구토인형,6
2026-09-18,구토,고양이 구토,7
2026-09-18,구토,강아지 구토,8
2026-09-18,구토,독감 구토,9
2026-09-18,구토,마운자로 구토,10
2026-09-18,설사,설사 원인,1
2026-09-18,설사,설사 멈추는법,2
2026-09-18,설사,물설사 원인,3
2026-09-18,설사,설사에 좋은 음식,4
2026-09-18,설사,설사 배아픔,5
2026-09-18,설사,물설사 멈추는법,6
2026-09-18,설사,설사,7
2026-09-18,설사,설사약,8
2026-09-18,설사,설상가상,9
2026-09-18,설사,옥룡설산,10
2026-09-18,변비,변비 직빵,1
2026-09-18,변비,변비 해결,2
2026-09-18,변비,변비에 좋은 음식,3
2026-09-18,변비,변비 증상,4
2026-09-18,변비,변비약,5
2026-09-18,변비,변비 원인,6
2026-09-18,변비,변비 마사지,7
2026-09-18,변비,변비 유산균,8
2026-09-18,변비,변비,9
2026-09-18,변비,변비 혈자리,10
2026-09-18,가슴통증,왼쪽 가슴 통증,1
2026-09-18,가슴통증,가운데 가슴 통증,2
2026-09-18,가슴통증,오른쪽 가슴 통증,3
2026-09-18,가슴통증,가슴통증,4
2026-09-18,가슴통증,여자 왼쪽 가슴 통증,5
2026-09-18,가슴통증,생리전 가슴통증,6
2026-09-18,가슴통증,가슴통증 원인,7
2026-09-18,가슴통증,숨쉴때 가슴통증,8
2026-09-18,가슴통증,가슴통증 병원,9
2026-09-18,가슴통증,기침 가슴통증,10
2026-09-18,숨가쁨,숨가쁨,1
2026-09-18,숨가쁨,신생아 숨가쁨,2
2026-09-18,숨가쁨,숨 가쁨 증상,3
2026-09-18,숨가쁨,노견 숨 가쁨,4
2026-09-18,숨가쁨,숨가쁨 증상 원인,5
2026-09-18,숨가쁨,숨가쁨 어지러움,6
2026-09-18,숨가쁨,숨가쁨 뜻,7
2026-09-18,숨가쁨,숨가쁨 검사,8
2026-09-18,부종,부종 뜻,1
2026-09-18,부종,다리 부종,2
2026-09-18,부종,부종 빼기,3
2026-09-18,부종,부종 원인,4
2026-09-18,부종,부종,5
2026-09-18,부종,뇌부종,6
2026-09-18,부종,결막부종,7
2026-09-18,부종,림프부종,8
2026-09-18,부종,혈관부종,9
2026-09-18,부종,하지부종,10
2026-09-18,탈모,탈모,1
2026-09-18,탈모,M자탈모,2
2026-09-18,탈모,탈모예방,3
2026-09-18,탈모,탈모증,4
2026-09-18,탈모,원형탈모,5
2026-09-18,탈모,탈모치료,6
2026-09-18,탈모,정수리탈모,7
2026-09-18,탈모,탈모약,8
2026-09-18,손발저림,손발저림증상,1
2026-09-18,손발저림,손발 저림 증상 원인,2
2026-09-18,손발저림,손발저림 영양제,3
2026-09-18,손발저림,손발저림,4
2026-09-18,손발저림,당뇨 손발저림,5
2026-09-18,손발저림,손발저림약,6
2026-09-18,손발저림,마운자로 손발저림,7
2026-09-18,손발저림,손발저림병원,8
2026-09-18,손발저림,갱년기 손발저림,9
2026-09-18,손발저림,임산부 손발저림,10
2026-09-18,식욕부진,식욕부진,1
2026-09-18,식욕부진,식욕부진 뜻,2
2026-09-18,식욕부진,강아지 식욕부진,3
2026-09-18,식욕부진,고양이 식욕부진,4
2026-09-18,식욕부진,식욕부진 원인,5
2026-09-18,식욕부진,식욕부진 약,6
2026-09-18,식욕부진,식욕부진 의학용어,7
2026-09-18,식욕부진,식욕부진 한약,8
2026-09-18,식욕부진,식욕부진 영어로,9
2026-09-18,식욕부진,식욕부진 소화불량,10
2026-09-18,체중감소,체중감소 원인,1
2026-09-18,체중감소,체중감소,2
2026-09-18,체중감소,급격한 체중감소,3
2026-09-18,체중감소,암 체중감소,4
2026-09-18,체중감소,당뇨 체중감소,5
2026-09-18,체중감소,갑자기 체중 감소,6
2026-09-18,체중감소,대장암 체중감소,7
2026-09-18,체중감소,고양이 체중감소,8
2026-09-18,체중감소,강아지 체중감소,9
2026-09-18,체중감소,신생아 체중감소,10
2026-09-18,당뇨,당뇨 초기증상,1
2026-09-18,당뇨,당뇨에좋은음식,2
2026-09-18,당뇨,당뇨 정상수치,3
2026-09-18,당뇨,당뇨 증상,4
2026-09-18,당뇨,당뇨 관리,5
2026-09-18,당뇨,당뇨 원인,6
2026-09-18,당뇨,당뇨 식단,7
2026-09-18,당뇨,당뇨병,8
2026-09-18,당뇨,당뇨,9
2026-09-18,당뇨,당뇨 간식,10
2026-09-18,고혈압,고혈압 증상,1
2026-09-18,고혈압,고혈압 낮추는 방법,2
2026-09-18,고혈압,고혈압 수치,3
2026-09-18,고혈압,고혈압 원인,4
2026-09-18,고혈압,고혈압에 좋은 음식,5
2026-09-18,고혈압,고혈압 기준,6
2026-09-18,고혈압,고혈압,7
2026-09-18,고혈압,고혈압 영양제,8
2026-09-18,고혈압,고혈압 식단,9
2026-09-18,고혈압,고혈압약,10
2026-09-18,비만,비만도 계산기,1
2026-09-18,비만,비만치료제,2
2026-09-18,비만,초고도비만갤,3
2026-09-18,비만,비만 계산기,4
2026-09-18,비만,비만도,5
2026-09-18,비만,비만,6
2026-09-18,비만,비만클리닉,7
2026-09-18,비만,마른비만,8
2026-09-18,비만,소아비만,9
2026-09-18,비만,경도비만,10
2026-09-18,암,암살자들,1
2026-09-18,암,암웨이,2
2026-09-18,암,암 초기증상,3
2026-09-18,암,암웨이쇼핑몰,4
2026-09-18,암,암살자(들),5
2026-09-18,암,아마존,6
2026-09-18,암,암 종류,7
2026-09-18,암,암막커튼,8
2026-09-18,암,아모레퍼시픽,9
2026-09-18,암,대장암 4기,10
2026-09-18,우울증,우울증,1
2026-09-18,우울증,우울증초기증상,2
2026-09-18,우울증,우울증종류,3
2026-09-18,우울증,우울증테스트,4
2026-09-18,우울증,우울증과불면증,5
2026-09-18,우울증,중년우울증,6
2026-09-18,우울증,청소년우울증,7
2026-09-18,불안장애,불안장애 증상,1
2026-09-18,불안장애,불안장애 테스트,2
2026-09-18,불안장애,불안장애 약,3
2026-09-18,불안장애,불안장애,4
2026-09-18,불안장애,불안장애 치료,5
2026-09-18,불안장애,불안장애 극복,6
2026-09-18,불안장애,사회불안장애,7
2026-09-18,불안장애,질병불안장애,8
2026-09-18,불안장애,사회적 불안 장애,9
2026-09-18,불안장애,불안장애 약 종류,10
2026-09-18,아토피,아토피,1
2026-09-18,아토피,피부아토피,2
2026-09-18,아토피,아토피초기,3
2026-09-18,아토피,아토피란,4
2026-09-18,아토피,아토피원인,5
2026-09-18,아토피,아토피치료,6
2026-09-18,아토피,아기아토피,7
2026-09-18,아토피,아기등아토피,8
2026-09-18,비염,비염,1
2026-09-18,비염,비염치료,2
2026-09-18,비염,비염의원인,3
2026-09-18,비염,비염영어로,4
2026-09-18,비염,비염에좋은음식,5
2026-09-18,비염,알레르기비염,6
2026-09-18,비염,혈관성비염,7
2026-09-18,비염,코비염,8
2026-09-18,역류성식도염,역류성식도염 증상,1
2026-09-18,역류성식도염,역류성 식도염 약,2
2026-09-18,역류성식도염,역류성식도염 좋은음식,3
2026-09-18,역류성식도염,역류성 식도염 치료,4
2026-09-18,역류성식도염,역류성식도염 음식,5
2026-09-18,역류성식도염,역류성식도염,6
2026-09-18,역류성식도염,역류성식도염 기침,7
2026-09-18,역류성식도염,역류성 식도염 병원,8
2026-09-18,역류성식도염,역류성식도염 베개,9
2026-09-18,역류성식도염,임산부 역류성식도염,10
2026-09-18,갑상선,갑상선기능저하증,1
2026-09-18,갑상선,갑상선암 증상,2
2026-09-18,갑상선,갑상선기능항진증,3
2026-09-18,갑상선,갑상선 증상,4
2026-09-18,갑상선,갑상선 혹,5
2026-09-18,갑상선,갑상선 검사,6
2026-09-18,갑상선,갑상선 결절,7
2026-09-18,갑상선,갑상선,8
2026-09-18,갑상선,갑상선암,9
2026-09-18,갑상선,갑상선 위치,10
2026-09-18,골다공증,골다공증에 좋은 음식,1
2026-09-18,골다공증,골다공증 주사,2
2026-09-18,골다공증,골다공증 수치,3
2026-09-18,골다공증,골다공증 영양제,4
2026-09-18,골다공증,골다공증 증상,5
2026-09-18,골다공증,골다공증,6
2026-09-18,골다공증,골다공증 검사,7
2026-09-18,골다공증,골다공증 음식,8
2026-09-18,골다공증,골다공증 치료,9
2026-09-18,골다공증,골다공증약,10
2026-09-18,지방간,지방간 치료,1
2026-09-18,지방간,지방간 원인,2
2026-09-18,지방간,지방간 증상,3
2026-09-18,지방간,지방간,4
2026-09-18,지방간,지방간에 좋은음식,5
2026-09-18,지방간,지방간 영양제,6
2026-09-18,지방간,지방간 식단,7
2026-09-18,지방간,지방간 운동,8
2026-09-18,지방간,지방간 약,9
2026-09-18,지방간,지방간 간수치,10
2026-09-18,빈혈,빈혈 증상,1
2026-09-18,빈혈,빈혈에 좋은 음식,2
2026-09-18,빈혈,빈혈 원인,3
2026-09-18,빈혈,빈혈 영양제,4
2026-09-18,빈혈,빈혈수치,5
2026-09-18,빈혈,빈혈,6
2026-09-18,빈혈,빈혈 치료,7
2026-09-18,빈혈,빈혈 음식,8
2026-09-18,빈혈,빈혈 병원,9
2026-09-18,빈혈,빈혈약,10
2026-09-18,수면무호흡,수면무호흡증,1
2026-09-18,수면무호흡,수면무호흡증 치료,2
2026-09-18,수면무호흡,수면무호흡 양압기,3
2026-09-18,수면무호흡,수면무호흡,4
2026-09-18,수면무호흡,수면 무호흡증 증상,5
2026-09-18,수면무호흡,수면무호흡 검사,6
2026-09-18,수면무호흡,수면무호흡 베개,7
2026-09-18,수면무호흡,수면 무호흡증 원인,8
2026-09-18,수면무호흡,수면무호흡증 양압기,9
2026-09-18,수면무호흡,수면무호흡 치료,10
2026-09-18,공황장애,공황장애,1
2026-09-18,공황장애,스트레스성공황장애,2
2026-09-18,공황장애,공황장애치료,3
2026-09-18,공황장애,공황장애영어,4
2026-09-18,공황장애,공황장애극복방법,5
2026-09-18,공황장애,공황장애자가진단,6
2026-09-18,공황장애,소아공황장애,7
2026-09-18,공황장애,어린이공황장애,8
2026-09-18,대장암,대장암 초기증상,1
2026-09-18,대장암,대장암 증상,2
2026-09-18,대장암,대장암 4기,3
2026-09-18,대장암,대장암 생존율,4
2026-09-18,대장암,대장암,5
2026-09-18,대장암,대장암에 좋은 음식,6
2026-09-18,대장암,대장암 원인,7
2026-09-18,대장암,대장암 검사,8
2026-09-18,대장암,대장암 수술,9
2026-09-18,대장암,대장암 3기,10
2026-09-18,위암,위암초기증상,1
2026-09-18,위암,위암 증상,2
2026-09-18,위암,위암 생존율,3
2026-09-18,위암,위암에 좋은 음식,4
2026-09-18,위암,위암 4기 생존율,5
2026-09-18,위암,위암 초기,6
2026-09-18,위암,위암 원인,7
2026-09-18,위암,위암 1기,8
2026-09-18,위암,위암 2기,9
2026-09-18,위암,위암4기,10
2026-09-18,폐암,폐암 초기증상,1
2026-09-18,폐암,폐암 4기 생존율,2
2026-09-18,폐암,폐암 증상,3
2026-09-18,폐암,폐암 생존율,4
2026-09-18,폐암,폐암에 좋은 음식,5
2026-09-18,폐암,폐암 4기,6
2026-09-18,폐암,폐암 1기,7
2026-09-18,폐암,폐암 명의,8
2026-09-18,폐암,폐암,9
2026-09-18,폐암,폐암 검사,10
2026-09-18,유방암,유방암,1
2026-09-18,유방암,유방암생존율,2
2026-09-18,유방암,유방암의증상,3
2026-09-18,유방암,유방암4기,4
2026-09-18,유방암,유방암발생원인,5
2026-09-18,유방암,여성유방암,6
2026-09-18,유방암,초기유방암,7
2026-09-18,유방암,홍여진유방암,8
2026-09-18,전립선암,전립선암 증상,1
2026-09-18,전립선암,전립선암 생존율,2
2026-09-18,전립선암,전립선암 원인,3
2026-09-18,전립선암,전립선암,4
2026-09-18,전립선암,전립선암 4기,5
2026-09-18,전립선암,전립선암 3기,6
2026-09-18,전립선암,전립선암 검사,7
2026-09-18,전립선암,전립선암 치료,8
2026-09-18,전립선암,전립선암 수술,9
2026-09-18,전립선암,전립선암 2기,10
2026-09-18,치매,치매 초기증상,1
2026-09-18,치매,치매 치료제,2
2026-09-18,치매,치매 전조증상,3
2026-09-18,치매,치매검사,4
2026-09-18,치매,치매안심센터,5
2026-09-18,치매,치매 예방,6
2026-09-18,치매,치매 예방약,7
2026-09-18,치매,치매,8
2026-09-18,치매,치매 치료,9
2026-09-18,치매,치매 원인,10
2026-09-18,파킨슨,파킨슨병,1
2026-09-18,파킨슨,파킨슨병초기증상,2
2026-09-18,파킨슨,파킨슨병 증상,3
2026-09-18,파킨슨,파킨슨병 원인,4
2026-09-18,파킨슨,파킨슨,5
2026-09-18,파킨슨,파킨슨병 치료,6
2026-09-18,파킨슨,파킨슨 증상,7
2026-09-18,파킨슨,파킨슨 치료제,8
2026-09-18,파킨슨,파킨슨 치매,9
2026-09-18,파킨슨,파킨슨 유전,10
2026-09-18,뇌졸중,뇌졸중 전조증상,1
2026-09-18,뇌졸중,뇌졸중,2
2026-09-18,뇌졸중,뇌졸중 초기증상,3
2026-09-18,뇌졸중,뇌졸중 뜻,4
2026-09-18,뇌졸중,뇌졸중 증상,5
2026-09-18,뇌졸중,뇌졸중 검사,6
2026-09-18,뇌졸중,뇌졸중 치료,7
2026-09-18,뇌졸중,뇌졸중 원인,8
2026-09-18,뇌졸중,허혈성 뇌졸중,9
2026-09-18,뇌졸중,대한뇌졸중학회,10
2026-09-18,심근경색,심근경색 전조증상,1
2026-09-18,심근경색,심근경색,2
2026-09-18,심근경색,심근경색 증상,3
2026-09-18,심근경색,심근경색 원인,4
2026-09-18,심근경색,심근경색 치료,5
2026-09-18,심근경색,심근경색 검사,6
2026-09-18,심근경색,급성심근경색,7
2026-09-18,심근경색,심근경색 음식,8
2026-09-18,심근경색,심근경색 수술,9
2026-09-18,심근경색,심근경색증,10
2026-09-18,협심증,협심증,1
2026-09-18,협심증,협심증 전조증상,2
2026-09-18,협심증,협심증 증상,3
2026-09-18,협심증,협심증 치료,4
2026-09-18,협심증,협심증 약,5
2026-09-18,협심증,협심증 검사,6
2026-09-18,협심증,협심증 원인,7
2026-09-18,협심증,협심증 음식,8
2026-09-18,협심증,변이형 협심증,9
2026-09-18,협심증,협심증 영어로,10
2026-09-18,고지혈증,고지혈증,1
2026-09-18,고지혈증,고지혈증 증상,2
2026-09-18,고지혈증,고지혈증 좋은음식,3
2026-09-18,고지혈증,고지혈증 원인,4
2026-09-18,고지혈증,고지혈증 약,5
2026-09-18,고지혈증,고지혈증 수치,6
2026-09-18,고지혈증,고지혈증 나쁜음식,7
2026-09-18,고지혈증,고지혈증 영양제,8
2026-09-18,고지혈증,고지혈증 식단,9
2026-09-18,고지혈증,고지혈증 뜻,10
2026-09-18,통풍,통풍 증상,1
2026-09-18,통풍,통풍 초기증상,2
2026-09-18,통풍,통풍 원인,3
2026-09-18,통풍,통풍에 좋은 음식,4
2026-09-18,통풍,통풍,5
2026-09-18,통풍,통풍 치료,6
2026-09-18,통풍,통풍 음식,7
2026-09-18,통풍,통풍 병원,8
2026-09-18,통풍,통풍 뜻,9
2026-09-18,통풍,통풍 영양제,10
2026-09-18,류마티스,류마티스 관절염,1
2026-09-18,류마티스,류마티스내과,2
2026-09-18,류마티스,류마티스 관절염 증상,3
2026-09-18,류마티스,류마티스 증상,4
2026-09-18,류마티스,류마티스,5
2026-09-18,류마티스,류마티스 뜻,6
2026-09-18,류마티스,류마티스 관절염 치료,7
2026-09-18,류마티스,류마티스 병원,8
2026-09-18,류마티스,류마티스 검사,9
2026-09-18,류마티스,류마티스열,10
2026-09-18,크론병,크론병,1
2026-09-18,크론병,크론병 증상,2
2026-09-18,크론병,크론병 원인,3
2026-09-18,크론병,크론병 완치,4
2026-09-18,크론병,크론병 군대,5
2026-09-18,크론병,크론병 치료,6
2026-09-18,크론병,크론병 뜻,7
2026-09-18,크론병,크론병 음식,8
2026-09-18,크론병,소아 크론병,9
2026-09-18,크론병,윤종신 크론병,10
2026-09-18,과민성대장증후군,과민성대장증후군 증상,1
2026-09-18,과민성대장증후군,과민성대장증후군 약,2
2026-09-18,과민성대장증후군,과민성대장증후군 유산균,3
2026-09-18,과민성대장증후군,과민성대장증후군 치료,4
2026-09-18,과민성대장증후군,과민성대장증후군,5
2026-09-18,과민성대장증후군,과민성대장증후군 좋은음식,6
2026-09-18,과민성대장증후군,과민성대장증후군 가스형,7
2026-09-18,과민성대장증후군,과민성대장증후군 설사,8
2026-09-18,과민성대장증후군,과민성대장증후군 병원,9
2026-09-18,과민성대장증후군,과민성대장증후군 음식,10
2026-09-18,다이어트,다이어트,1
2026-09-18,다이어트,댄스다이어트,2
2026-09-18,다이어트,다이어트음식,3
2026-09-18,다이어트,다이어트운동,4
2026-09-18,다이어트,다이어트영어,5
2026-09-18,다이어트,클렌즈다이어트,6
2026-09-18,다이어트,다이어트방법,7
2026-09-18,다이어트,단기간다이어트,8
2026-09-18,운동,운동화,1
2026-09-18,운동,운동복,2
2026-09-18,운동,운동,3
2026-09-18,운동,운동 종류,4
2026-09-18,운동,호카 운동화,5
2026-09-18,운동,뉴발란스 운동화,6
2026-09-18,운동,아디다스 운동화,7
2026-09-18,운동,아식스 운동화,8
2026-09-18,운동,나이키 운동화,9
2026-09-18,운동,르무통 운동화,10
2026-09-18,영양제,영양제 추천,1
2026-09-18,영양제,영양제,2
2026-09-18,영양제,영양제 먹는 시간,3
2026-09-18,영양제,영양제 기계,4
2026-09-18,영양제,영양제 먹는 순서,5
2026-09-18,영양제,영양제 구독,6
2026-09-18,영양제,면역력 영양제,7
2026-09-18,영양제,뇌영양제,8
2026-09-18,영양제,강아지영양제,9
2026-09-18,영양제,간 영양제,10
2026-09-18,수면,수면유도제,1
2026-09-18,수면,수면밀도,2
2026-09-18,수면,수면안대,3
2026-09-18,수면,수면영양제,4
2026-09-18,수면,수면제,5
2026-09-18,수면,수면 계산기,6
2026-09-18,수면,수면 귀마개,7
2026-09-18,수면,수면공감,8
2026-09-18,수면,수면 입테이프,9
2026-09-18,수면,수면다원검사,10
2026-09-18,스트레스,스트레스 해소법,1
2026-09-18,스트레스,스트레스 지수 테스트,2
2026-09-18,스트레스,스트레스볼,3
2026-09-18,스트레스,스트레스,4
2026-09-18,스트레스,스트레스성 위염,5
2026-09-18,스트레스,스트레스 증상,6
2026-09-18,스트레스,스트레스 영양제,7
2026-09-18,스트레스,스트레스 두통,8
2026-09-18,스트레스,스트레스리스,9
2026-09-18,스트레스,스트레스 테스트,10
2026-09-18,금연,금연 후 신체변화,1
2026-09-18,금연,금연클리닉,2
2026-09-18,금연,금연보조제,3
2026-09-18,금연,금연하는법,4
2026-09-18,금연,금연 금단현상,5
2026-09-18,금연,금연 전자담배,6
2026-09-18,금연,금연초,7
2026-09-18,금연,금연 파이프,8
2026-09-18,금연,금연 사탕,9
2026-09-18,금연,금연,10
2026-09-18,금주,금주 뜻,1
2026-09-18,금주,금주 효과,2
2026-09-18,금주,금주 금단현상,3
2026-09-18,금주,금주 방법,4
2026-09-18,금주,금주,5
2026-09-18,금주,금주 차주,6
2026-09-18,금주,금죽헌,7
2026-09-18,금주,금 주식,8
2026-09-18,금주,금정산성 금죽헌,9
2026-09-18,금주,이영지 금주,10
2026-09-18,식단,다이어트 식단,1
2026-09-18,식단,일주일 식단표,2
2026-09-18,식단,식단,3
2026-09-18,식단,식단 도시락,4
2026-09-18,식단,윤식단,5
2026-09-18,식단,식단표,6
2026-09-18,식단,단백질 식단,7
2026-09-18,식단,임당 식단,8
2026-09-18,식단,당뇨 식단,9
2026-09-18,식단,지중해식 식단,10
2026-09-18,체중감량,체중감량,1
2026-09-18,체중감량,체중감량 식단,2
2026-09-18,체중감량,마운자로 체중감량,3
2026-09-18,체중감량,체중 감량 운동 추천,4
2026-09-18,체중감량,체중감량 약,5
2026-09-18,체중감량,체중감량 속도,6
2026-09-18,체중감량,체중감량 주사,7
2026-09-18,체중감량,체중 감량 팁,8
2026-09-18,체중감량,체중감량차,9
2026-09-18,체중감량,체중 감량 방법,10
2026-09-18,면역력,면역력 높이는 방법,1
2026-09-18,면역력,면역력 영양제,2
2026-09-18,면역력,면역력 높이는 음식,3
2026-09-18,면역력,면역력 저하 증상,4
2026-09-18,면역력,면역력,5
2026-09-18,면역력,면역력주사,6
2026-09-18,면역력,면역력 뜻,7
2026-09-18,면역력,면역력 수액,8
2026-09-18,면역력,면연력 면역력,9
2026-09-18,면역력,면역력 검사,10
2026-09-18,단백질,단백질쉐이크,1
2026-09-18,단백질,단백질 많은 음식,2
2026-09-18,단백질,단백질보충제,3
2026-09-18,단백질,단백질 음료,4
2026-09-18,단백질,단백질 섭취량,5
2026-09-18,단백질,단백질 음식,6
2026-09-18,단백질,단백질 파우더,7
2026-09-18,단백질,단백질바,8
2026-09-18,단백질,단백질,9
2026-09-18,단백질,단백질 간식,10
2026-09-18,비타민,비타민,1
2026-09-18,비타민,비타민프로그램,2
2026-09-18,비타민,비타민젤리,3
2026-09-18,비타민,어린이비타민,4
2026-09-18,비타민,종합비타민,5
2026-09-18,비타민,비타민야채,6
2026-09-18,비타민,채소비타민,7
2026-09-18,비타민,비타민A,8
2026-09-18,유산균,유산균,1
2026-09-18,유산균,프로바이오틱스유산균,2
2026-09-18,유산균,유산균분양,3
2026-09-18,유산균,유산균다이어트,4
2026-09-18,유산균,유산균요구르트,5
2026-09-18,유산균,신생아유산균,6
2026-09-18,유산균,홈쇼핑유산균,7
2026-09-18,유산균,유산균추천,8
2026-09-18,오메가3,오메가3,1
2026-09-18,오메가3,오메가3비타민D,2
2026-09-18,오메가3,호주오메가3,3
2026-09-18,오메가3,뉴질랜드오메가3,4
2026-09-18,오메가3,약국오메가3,5
2026-09-18,오메가3,오메가3추천,6
2026-09-18,오메가3,오메가3임산부,7
2026-09-18,오메가3,오메가3콜레스테롤,8
2026-09-18,콜라겐,콜라겐,1
2026-09-18,콜라겐,콜라겐효능,2
2026-09-18,콜라겐,바르는콜라겐,3
2026-09-18,콜라겐,콜라겐성분,4
2026-09-18,콜라겐,족발콜라겐,5
2026-09-18,콜라겐,콜라겐음식,6
2026-09-18,콜라겐,일본콜라겐,7
2026-09-18,콜라겐,콜라겐약,8
2026-09-18,항산화,항산화 뜻,1
2026-09-18,항산화,항산화 영양제,2
2026-09-18,항산화,항산화 음식,3
2026-09-18,항산화,항산화,4
2026-09-18,항산화,항산화 효과,5
2026-09-18,항산화,항산화지수,6
2026-09-18,항산화,항산화제,7
2026-09-18,항산화,강아지 항산화제,8
2026-09-18,항산화,항산화작용,9
2026-09-18,항산화,항산화주사,10
2026-09-18,해독,해독주스,1
2026-09-18,해독,해독주스 레시피,2
2026-09-18,해독,해독 뜻,3
2026-09-18,해독,해독,4
2026-09-18,해독,해독주스만들기,5
2026-09-18,해독,구풍해독탕,6
2026-09-18,해독,간해독,7
2026-09-18,해독,황련해독탕,8
2026-09-18,해독,해독쥬스,9
2026-09-18,해독,해독제,10
2026-09-18,절식,절식 뜻,1
2026-09-18,절식,절식,2
2026-09-18,절식,절식 다이어트,3
2026-09-18,절식,절식 단식 차이,4
2026-09-18,절식,절 식사,5
2026-09-18,절식,절시간,6
2026-09-18,절식,절식 기준,7
2026-09-18,절식,절 식사 예절,8
2026-09-18,절식,절식사 뜻,9
2026-09-18,절식,절식 시식,10
2026-09-18,간헐적단식,간헐적 단식,1
2026-09-18,간헐적단식,간헐적 단식 16:8,2
2026-09-18,간헐적단식,간헐적단식 시간,3
2026-09-18,간헐적단식,간헐적 단식 커피,4
2026-09-18,간헐적단식,간헐적 단식 효과,5
2026-09-18,간헐적단식,간헐적 단식 물,6
2026-09-18,간헐적단식,간헐적 단식 뜻,7
2026-09-18,간헐적단식,간헐적단식 아메리카노,8
2026-09-18,간헐적단식,간헐적 단식 영어로,9
2026-09-18,저탄고지,저탄고지 식단,1
2026-09-18,저탄고지,저탄고지,2
2026-09-18,저탄고지,저탄고지 다이어트,3
2026-09-18,저탄고지,저탄고지 도시락,4
2026-09-18,저탄고지,저탄고지 간식,5
2026-09-18,저탄고지,저탄고지 식단 메뉴,6
2026-09-18,저탄고지,저탄고지 부작용,7
2026-09-18,저탄고지,저탄고지 빵,8
2026-09-18,저탄고지,저탄고지 과일,9
2026-09-18,저탄고지,저탄고지 외식,10
2026-09-18,백신,코로나 백신,1
2026-09-18,백신,백신,2
2026-09-18,백신,독감백신,3
2026-09-18,백신,백신 부작용,4
2026-09-18,백신,백신고,5
2026-09-18,백신,상생페이백 신청,6
2026-09-18,백신,코로나 백신 필수,7
2026-09-18,백신,중앙백신,8
2026-09-18,백신,코로나 백신 종류,9
2026-09-18,백신,백신고등학교,10
2026-09-18,검진,건강검진,1
2026-09-18,검진,국가건강검진,2
2026-09-18,검진,kmi 건강검진,3
2026-09-18,검진,영유아검진,4
2026-09-18,검진,국민건강검진,5
2026-09-18,검진,국가검진,6
2026-09-18,검진,종합건강검진,7
2026-09-18,검진,영유아검진시기,8
2026-09-18,검진,채용검진,9
2026-09-18,검진,특수건강검진,10
2026-09-18,수술,수술 영어로,1
2026-09-18,수술,임신중절수술,2
2026-09-18,수술,코수술,3
2026-09-18,수술,포경수술,4
2026-09-18,수술,양악수술,5
2026-09-18,수술,비염수술,6
2026-09-18,수술,담낭제거수술,7
2026-09-18,수술,맹장수술,8
2026-09-18,수술,ktx 취소 수수료,9
2026-09-18,수술,중개수수료,10
2026-09-18,약물,약물검색,1
2026-09-18,약물,약물 오남용,2
2026-09-18,약물,약물,3
2026-09-18,약물,임신중지약물,4
2026-09-18,약물,약물중절,5
2026-09-18,약물,이경규 약물,6
2026-09-18,약물,약물중독,7
2026-09-18,약물,약물계산,8
2026-09-18,약물,김재환 약물,9
2026-09-18,약물,네뷸라이저 약물,10
2026-09-18,한의원,한의원,1
2026-09-18,한의원,상인동한의원,2
2026-09-18,한의원,허리한의원,3
2026-09-18,한의원,유명한의원,4
2026-09-18,한의원,한의원토요일,5
2026-09-18,한의원,한의원영어,6
2026-09-18,한의원,한의원일요일,7
2026-09-18,한의원,한의원진료,8
2026-09-18,재활,재활의학과,1
2026-09-18,재활,재활병원,2
2026-09-18,재활,재활pt,3
2026-09-18,재활,재활치료,4
2026-09-18,재활,재활용분리수거,5
2026-09-18,재활,재활,6
2026-09-18,재활,재활용,7
2026-09-18,재활,국립재활원,8
2026-09-18,재활,언어재활사협회,9
2026-09-18,재활,재활용센터,10
2026-09-18,응급,응급실,1
2026-09-18,응급,응급실 떡볶이,2
2026-09-18,응급,응급구조학과,3
2026-09-18,응급,응급구조사,4
2026-09-18,응급,응급실 가사,5
2026-09-18,응급,내손안의 응급실,6
2026-09-18,응급,화상 응급처치,7
2026-09-18,응급,응급피임약,8
2026-09-18,응급,소아응급실,9
2026-09-18,응급,응급,10
2026-09-18,처방,처방전 조회,1
2026-09-18,처방,마운자로 처방,2
2026-09-18,처방,처방전,3
2026-09-18,처방,수면제 처방,4
2026-09-18,처방,처방전 유효기간,5
2026-09-18,처방,운동처방사,6
2026-09-18,처방,인데놀 처방,7
2026-09-18,처방,탈모약 처방,8
2026-09-18,처방,비아그라 처방,9
2026-09-18,처방,우루사 처방,10
2026-09-18,항생제,항생제 부작용,1
2026-09-18,항생제,항생제 뜻,2
2026-09-18,항생제,항생제 술,3
2026-09-18,항생제,항생제,4
2026-09-18,항생제,항생제 설사,5
2026-09-18,항생제,항생제 복용기간,6
2026-09-18,항생제,항생제 종류,7
2026-09-18,항생제,항생제 연고,8
2026-09-18,항생제,항생제 내성,9
2026-09-18,항생제,약국 항생제,10
2026-09-18,진통제,소염진통제,1
2026-09-18,진통제,진통제,2
2026-09-18,진통제,진통제 종류,3
2026-09-18,진통제,진통제 부작용,4
2026-09-18,진통제,진통제 시간,5
2026-09-18,진통제,진통제 술,6
2026-09-18,진통제,해열진통제,7
2026-09-18,진통제,치통 진통제,8
2026-09-18,진통제,마약성 진통제,9
2026-09-18,진통제,소염진통제 술,10
2026-09-18,내시경,대장내시경 전 음식,1
2026-09-18,내시경,위내시경 금식시간,2
2026-09-18,내시경,위내시경,3
2026-09-18,내시경,대장내시경,4
2026-09-18,내시경,위내시경 비용,5
2026-09-18,내시경,내시경 카메라,6
2026-09-18,내시경,위내시경 후 식사,7
2026-09-18,내시경,내시경,8
2026-09-18,내시경,위내시경 물,9
2026-09-18,내시경,대장내시경비용,10
2026-09-18,혈액검사,혈액검사 금식,1
2026-09-18,혈액검사,혈액검사,2
2026-09-18,혈액검사,혈액검사 비용,3
2026-09-18,혈액검사,혈액검사 종류,4
2026-09-18,혈액검사,혈액검사 결과,5
2026-09-18,혈액검사,혈액검사 염증수치,6
2026-09-18,혈액검사,내과 혈액검사,7
2026-09-18,혈액검사,임신 혈액검사,8
2026-09-18,혈액검사,갑상선 혈액검사,9
2026-09-18,혈액검사,혈액검사 물,10
2026-09-18,MRI,mri 가격,1
2026-09-18,MRI,mri 보험적용,2
2026-09-18,MRI,mri 검사,3
2026-09-18,MRI,mri,4
2026-09-18,MRI,mri 시간,5
2026-09-18,MRI,mri 실비,6
2026-09-18,MRI,MRI 비용,7
2026-09-18,MRI,mra mri 차이,8
2026-09-18,MRI,Mri 금식,9
2026-09-18,MRI,mri 조영제,10
2026-09-18,CT,ct 비용,1
2026-09-18,CT,ct촬영,2
2026-09-18,CT,CT MRI 차이,3
2026-09-18,CT,C TO HDMI,4
2026-09-18,CT,ctoc케이블,5
2026-09-18,CT,CT 조영제,6
2026-09-18,CT,복부ct,7
2026-09-18,CT,CT 금식,8
2026-09-18,CT,ct 방사선,9
2026-09-18,CT,ctr,10
2026-09-18,주사,주사위게임,1
2026-09-18,주사,주사피부염,2
2026-09-18,주사,주사 뜻,3
2026-09-18,주사,독감주사,4
2026-09-18,주사,주상욱,5
2026-09-18,주사,주사위 굴리기,6
2026-09-18,주사,주사,7
2026-09-18,주사,모공주사,8
2026-09-18,주사,독감주사 시기,9
2026-09-18,주사,주상절리,10
2026-09-18,생리통,생리통 심할때,1
2026-09-18,생리통,생리통 약,2
2026-09-18,생리통,생리통 완화 음식,3
2026-09-18,생리통,생리통 완화 자세,4
2026-09-18,생리통,생리통 심한 이유,5
2026-09-18,생리통,생리통 증상,6
2026-09-18,생리통,생리통 완화,7
2026-09-18,생리통,생리통 기계,8
2026-09-18,생리통,생리통,9
2026-09-18,생리통,탁센 생리통,10
2026-09-18,생리불순,생리불순,1
2026-09-18,생리불순,생리불순 원인,2
2026-09-18,생리불순,생리불순 영양제,3
2026-09-18,생리불순,생리불순 산부인과,4
2026-09-18,생리불순,마운자로 생리불순,5
2026-09-18,생리불순,생리불순 뜻,6
2026-09-18,생리불순,생리불순 검사,7
2026-09-18,생리불순,생리불순 피임약,8
2026-09-18,생리불순,생리불순 약,9
2026-09-18,생리불순,위고비 생리불순,10
2026-09-18,갱년기,갱년기증상,1
2026-09-18,갱년기,갱년기 영양제,2
2026-09-18,갱년기,갱년기 나이,3
2026-09-18,갱년기,갱년기 열감,4
2026-09-18,갱년기,갱년기 테스트기,5
2026-09-18,갱년기,갱년기,6
2026-09-18,갱년기,갱년기 약,7
2026-09-18,갱년기,갱년기 호르몬치료,8
2026-09-18,갱년기,갱년기 기간,9
2026-09-18,갱년기,갱년기 뜻,10
2026-09-18,임신,임신 극초기증상,1
2026-09-18,임신,임신 기간,2
2026-09-18,임신,임신 초기증상,3
2026-09-18,임신,임신 주차 계산,4
2026-09-18,임신,임신하는 꿈,5
2026-09-18,임신,임신 확률,6
2026-09-18,임신,임신 가능성,7
2026-09-18,임신,임신 주수기 계산,8
2026-09-18,임신,임신,9
2026-09-18,임신,임신테스트기,10
2026-09-18,산후조리,산후조리원 지원금,1
2026-09-18,산후조리,경기도 산후조리비,2
2026-09-18,산후조리,산후조리원,3
2026-09-18,산후조리,산후조리원 비용,4
2026-09-18,산후조리,산후조리비,5
2026-09-18,산후조리,산후조리사,6
2026-09-18,산후조리,산후조리 폐지,7
2026-09-18,산후조리,공공산후조리원,8
2026-09-18,산후조리,산후조리 지원금,9
2026-09-18,산후조리,산후조리,10
2026-09-18,자궁근종,자궁근종,1
2026-09-18,자궁근종,자궁근종크기,2
2026-09-18,자궁근종,자궁근종수술,3
2026-09-18,자궁근종,자궁근종치료,4
2026-09-18,자궁근종,자궁근종예방,5
2026-09-18,자궁근종,폐경기자궁근종,6
2026-09-18,자궁근종,임신중자궁근종,7
2026-09-18,난임,난임 뜻,1
2026-09-18,난임,난임병원,2
2026-09-18,난임,난임지원,3
2026-09-18,난임,난임휴직,4
2026-09-18,난임,난임 기준,5
2026-09-18,난임,난임검사,6
2026-09-18,난임,난임,7
2026-09-18,난임,난임휴가,8
2026-09-18,난임,난임한의원,9
2026-09-18,난임,경기도 난임지원,10
2026-09-18,유산,유산균,1
2026-09-18,유산,유산균추천,2
2026-09-18,유산,더 위대한 유산,3
2026-09-18,유산,유사나,4
2026-09-18,유산,계류유산,5
2026-09-18,유산,유산 증상,6
2026-09-18,유산,유산 뜻,7
2026-09-18,유산,유산 후 몸조리,8
2026-09-18,유산,구강유산균,9
2026-09-18,유산,국가유산진흥원,10
2026-09-18,모유수유,모유수유,1
2026-09-18,모유수유,모유수유아기변비,2
2026-09-18,모유수유,모유수유상담,3
2026-09-18,모유수유,모유수유기간,4
2026-09-18,모유수유,대한모유수유,5
2026-09-18,모유수유,모유수유좋은음식,6
2026-09-18,모유수유,함몰유두모유수유,7
2026-09-18,모유수유,가슴성형모유수유,8
2026-09-18,피임,피임약,1
2026-09-18,피임,피임약 복용법,2
2026-09-18,피임,피임시술,3
2026-09-18,피임,사후피임약,4
2026-09-18,피임,경구피임약,5
2026-09-18,피임,피임 루프,6
2026-09-18,피임,피임 뜻,7
2026-09-18,피임,피임약 부작용,8
2026-09-18,피임,피임약 종류,9
2026-09-18,피임,사후피임약 시간,10
2026-09-18,전립선,전립선비대증,1
2026-09-18,전립선,전립선암,2
2026-09-18,전립선,전립선염 증상,3
2026-09-18,전립선,전립선,4
2026-09-18,전립선,전립선 영양제,5
2026-09-18,전립선,전립선에 좋은 음식,6
2026-09-18,전립선,전립선암 증상,7
2026-09-18,전립선,전립선 마사기,8
2026-09-18,전립선,전립선약,9
2026-09-18,전립선,전립선 위치,10
2026-09-18,발기부전,발기부전,1
2026-09-18,발기부전,10대발기부전,2
2026-09-18,발기부전,발기부전이란,3
2026-09-18,발기부전,발기부전치료,4
2026-09-18,발기부전,발기부전제,5
2026-09-18,발기부전,발기부전원인,6
2026-09-18,발기부전,담배발기부전,7
2026-09-18,발기부전,고혈압발기부전,8
2026-09-18,남성갱년기,남성 갱년기,1
2026-09-18,남성갱년기,남성갱년기증상,2
2026-09-18,남성갱년기,남성 갱년기 영양제,3
2026-09-18,남성갱년기,남성 갱년기 시기,4
2026-09-18,남성갱년기,남성 갱년기 약,5
2026-09-18,남성갱년기,남성 갱년기 검사,6
2026-09-18,남성갱년기,남성 갱년기 병원,7
2026-09-18,남성갱년기,남성 갱년기 치료,8
2026-09-18,남성갱년기,남성 갱년기 영양제 1위,9
2026-09-18,남성갱년기,남성 갱년기 검사 병원,10
2026-09-18,번아웃,번아웃뜻,1
2026-09-18,번아웃,번아웃 증상,2
2026-09-18,번아웃,번아웃,3
2026-09-18,번아웃,번아웃 테스트,4
2026-09-18,번아웃,번아웃 극복,5
2026-09-18,번아웃,번아웃 증후군,6
2026-09-18,번아웃,번아웃 치료,7
2026-09-18,번아웃,번아웃 짤,8
2026-09-18,번아웃,번아웃커피,9
2026-09-18,번아웃,번아웃 뜻 증상,10
2026-09-18,공황,공황장애 증상,1
2026-09-18,공황,공황장애,2
2026-09-18,공황,공황 대처법,3
2026-09-18,공황,공황장애 원인,4
2026-09-18,공황,공황 뜻,5
2026-09-18,공황,공황 증상,6
2026-09-18,공황,공황발작,7
2026-09-18,공황,공황,8
2026-09-18,공황,공황장애 뜻,9
2026-09-18,공황,공황장애 약,10
2026-09-18,트라우마,트라우마 뜻,1
2026-09-18,트라우마,트라우마,2
2026-09-18,트라우마,트라우마 침낭,3
2026-09-18,트라우마,트라우마 극복,4
2026-09-18,트라우마,김범수 트라우마,5
2026-09-18,트라우마,국가트라우마센터,6
2026-09-18,트라우마,트라우마 증상,7
2026-09-18,트라우마,알파트라우마,8
2026-09-18,트라우마,트라우마 검사,9
2026-09-18,트라우마,트라우마 본딩,10
2026-09-18,강박증,강박증,1
2026-09-18,강박증,강박증 증상,2
2026-09-18,강박증,강박증 뜻,3
2026-09-18,강박증,강박증 치료,4
2026-09-18,강박증,저장강박증,5
2026-09-18,강박증,강박증 약,6
2026-09-18,강박증,강박증 갤러리,7
2026-09-18,강박증,확인강박증,8
2026-09-18,강박증,강박증 영어로,9
2026-09-18,강박증,강박증갤,10
2026-09-18,조현병,조현병,1
2026-09-18,조현병,조현병 증상,2
2026-09-18,조현병,조현병 뜻,3
2026-09-18,조현병,조현병 초기증상,4
2026-09-18,조현병,조현병 원인,5
2026-09-18,조현병,조현병 완치,6
2026-09-18,조현병,조현병 장애등급,7
2026-09-18,조현병,조현병 유전,8
2026-09-18,조현병,조현병 치료,9
2026-09-18,조현병,조현병 약,10
2026-09-18,ADHD,ADHD,1
2026-09-18,ADHD,성인ADHD,2
2026-09-18,ADHD,초등ADHD,3
2026-09-18,ADHD,ADHD테스트,4
2026-09-18,ADHD,기안ADHD,5
2026-09-18,ADHD,ADHD치료,6
2026-09-18,ADHD,ADHD약물부작용,7
2026-09-18,ADHD,ADHD증상,8
2026-09-18,자존감,자존감 뜻,1
2026-09-18,자존감,자존감 높이는 방법,2
2026-09-18,자존감,자존감,3
2026-09-18,자존감,자존감 테스트,4
2026-09-18,자존감,자존감 글귀,5
2026-09-18,자존감,자존감수업,6
2026-09-18,자존감,자존감 책,7
2026-09-18,자존감,자존감 영어,8
2026-09-18,자존감,자존감 영어로,9
2026-09-18,자존감,자존심 자존감 차이,10
2026-09-18,외로움,외로움,1
2026-09-18,외로움,외로움이라는건,2
2026-09-18,외로움,외로움 뜻,3
2026-09-18,외로움,비와 외로움,4
2026-09-18,외로움,외로움 영어로,5
2026-09-18,외로움,비와 외로움 가사,6
2026-09-18,외로움,외로움의 습격,7
2026-09-18,외로움,고양이 외로움,8
2026-09-18,외로움,외로움과 고독사이,9
2026-09-18,외로움,외로움 극복,10
2026-09-18,분노조절,분노조절장애,1
2026-09-18,분노조절,분노조절장애 증상,2
2026-09-18,분노조절,분노조절장애 테스트,3
2026-09-18,분노조절,분노조절,4
2026-09-18,분노조절,분노조절장애 치료,5
2026-09-18,분노조절,분노조절장애 약,6
2026-09-18,분노조절,분노조절장애 영어로,7
2026-09-18,분노조절,분노조절 약,8
2026-09-18,분노조절,분노조절장애 병원,9
2026-09-18,분노조절,분노조절장애 유전,10
2026-09-18,중독,중독노래방,1
2026-09-18,중독,중독 영어로,2
2026-09-18,중독,카페인중독,3
2026-09-18,중독,중독,4
2026-09-18,중독,중독된 사랑,5
2026-09-18,중독,임신중독증,6
2026-09-18,중독,인간중독,7
2026-09-18,중독,고민중독,8
2026-09-18,중독,알콜중독치료,9
2026-09-18,중독,고기중독,10
2026-09-18,낙상,낙상 뜻,1
2026-09-18,낙상,낙상공원,2
2026-09-18,낙상,낙상사고,3
2026-09-18,낙상,낙상,4
2026-09-18,낙상,허영만 낙상,5
2026-09-18,낙상,낙상홍,6
2026-09-18,낙상,아기 낙상,7
2026-09-18,낙상,신생아 낙상,8
2026-09-18,낙상,낙상방지가드,9
2026-09-18,낙상,낙상방지조끼,10
2026-09-18,요양,요양보호사,1
2026-09-18,요양,요양보호사시험,2
2026-09-18,요양,요양병원,3
2026-09-18,요양,요양원,4
2026-09-18,요양,요양보호사 월급,5
2026-09-18,요양,장기요양등급,6
2026-09-18,요양,요양병원비용,7
2026-09-18,요양,요양 뜻,8
2026-09-18,요양,요양보호사학원,9
2026-09-18,요양,요양나라,10
2026-09-18,노인성질환,노인성질환,1
2026-09-18,노인성질환,노인성 질환 종류,2
2026-09-18,노인성질환,노인성질환 장기요양,3
2026-09-18,노인성질환,노인성질환코드,4
2026-09-18,노인성질환,노인성질환 등급,5
2026-09-18,노인성질환,노인성 질환의 특성,6
2026-09-18,노인성질환,노인성질환 등급받는법,7
2026-09-18,노인성질환,노인성 질환 보험,8
2026-09-18,노인성질환,노인성질환의이해,9
2026-09-18,노인성질환,노인성 질환의 종류,10
2026-09-18,건강수명,건강수명,1
2026-09-18,건강수명,건강수명 뜻,2
2026-09-18,건강수명,건강수명 통계,3
2026-09-18,건강수명,건강수명 개념,4
2026-09-18,건강수명,건강수명 차이,5
2026-09-18,건강수명,건강수명연구소,6
2026-09-18,건강수명,건강수명 기준,7
